{"stat.pickup.minecraft.rotten_flesh":4,"stat.walkOneCm":8580,"stat.jump":11,"stat.playOneMinute":4964,"achievement.openInventory":10,"stat.useItem.minecraft.planks":13,"stat.leaveGame":1,"stat.sneakTime":740,"stat.pickup.minecraft.carrot":1,"stat.damageDealt":419,"stat.crouchOneCm":1296,"stat.killEntity.Zombie":2,"stat.timeSinceDeath":4964,"stat.killEntity.ZombieVillager":1,"stat.useItem.minecraft.dirt":5,"stat.mobKills":3,"stat.useItem.minecraft.wooden_pressure_plate":2,"stat.useItem.minecraft.sign":1,"achievement.exploreAllBiomes":{"value":0,"progress":["Plains"]},"stat.useItem.minecraft.fence":9,"stat.useItem.minecraft.diamond_sword":24}