{"stat.drop.minecraft.heavy_weighted_pressure_plate":1,"stat.walkOneCm":9508,"stat.pickup.minecraft.heavy_weighted_pressure_plate":1,"stat.drop":1,"stat.jump":4,"stat.playOneMinute":2145,"achievement.openInventory":3,"stat.leaveGame":1,"stat.sneakTime":281,"stat.useItem.minecraft.wooden_button":1,"stat.crouchOneCm":1203,"stat.timeSinceDeath":2145,"stat.useItem.minecraft.wooden_pressure_plate":1,"stat.useItem.minecraft.light_weighted_pressure_plate":2,"achievement.exploreAllBiomes":{"value":0,"progress":["Plains"]},"stat.useItem.minecraft.heavy_weighted_pressure_plate":1}