{"stat.walkOneCm":17567,"stat.useItem.minecraft.torch":1,"stat.jump":13,"stat.pickup.minecraft.potato":2,"stat.playOneMinute":9408,"stat.useItem.minecraft.lever":1,"achievement.openInventory":5,"stat.useItem.minecraft.planks":28,"stat.leaveGame":1,"stat.sneakTime":1606,"stat.useItem.minecraft.wooden_button":1,"stat.useItem.minecraft.cobblestone":1,"stat.useItem.minecraft.stone_pressure_plate":1,"stat.crouchOneCm":5897,"stat.timeSinceDeath":9408,"stat.useItem.minecraft.fence_gate":1,"stat.useItem.minecraft.stone_button":1,"stat.useItem.minecraft.sign":9,"achievement.exploreAllBiomes":{"value":0,"progress":["Plains"]},"stat.useItem.minecraft.fence":11}